Trama 1/100 | Payload: N3000-2KA4
Trama 2/100 | Payload: N3001-LEOV
Trama 3/100 | Payload: N3002-SOLQ
Trama 4/100 | Payload: N3003-NT5J
Trama 5/100 | Payload: N3004-5XSN
Trama 6/100 | Payload: N3005-UFL8
Trama 7/100 | Payload: N3006-RAVI
Trama 8/100 | Payload: N3007-OHNI
Trama 9/100 | Payload: N3008-1289
Trama 10/100 | Payload: N3009-L0M1
Trama 11/100 | Payload: N3010-YC41
Trama 12/100 | Payload: N3011-Q3GJ
Trama 13/100 | Payload: N3012-B1EG
Trama 14/100 | Payload: N3013-SORX
Trama 15/100 | Payload: N3014-JO7P
Trama 16/100 | Payload: N3015-TMH8
Trama 17/100 | Payload: N3016-0OF9
Trama 18/100 | Payload: N3017-4XMZ
Trama 19/100 | Payload: N3018-DWP7
Trama 20/100 | Payload: N3019-IGQ1
Trama 21/100 | Payload: N3020-Q9FF
Trama 22/100 | Payload: N3021-2KBS
Trama 23/100 | Payload: N3022-AP25
Trama 24/100 | Payload: N3023-VAGK
Trama 25/100 | Payload: N3024-5BRO
Trama 26/100 | Payload: N3025-J0ZO
Trama 27/100 | Payload: N3026-SB4S
Trama 28/100 | Payload: N3027-3S8K
Trama 29/100 | Payload: N3028-SQTO
Trama 30/100 | Payload: N3029-BNJG
Trama 31/100 | Payload: N3030-ZWVJ
Trama 32/100 | Payload: N3031-45PA
Trama 33/100 | Payload: N3032-BU8B
Trama 34/100 | Payload: N3033-I3RS
Trama 35/100 | Payload: N3034-1HFA
Trama 36/100 | Payload: N3035-A4PK
Trama 37/100 | Payload: N3036-KYY8
Trama 38/100 | Payload: N3037-9S1A
Trama 39/100 | Payload: N3038-ZEBX
Trama 40/100 | Payload: N3039-CFTL
Trama 41/100 | Payload: N3040-DQR8
Trama 42/100 | Payload: N3041-12KJ
Trama 43/100 | Payload: N3042-4L4U
Trama 44/100 | Payload: N3043-6HW0
Trama 45/100 | Payload: N3044-55G9
Trama 46/100 | Payload: N3045-6FPS
Trama 47/100 | Payload: N3046-9VIL
Trama 48/100 | Payload: N3047-FFOX
Trama 49/100 | Payload: N3048-6BKL
Trama 50/100 | Payload: N3049-6CWI
Trama 51/100 | Payload: N3050-N3VD
Trama 52/100 | Payload: N3051-1C4S
Trama 53/100 | Payload: N3052-3SMI
Trama 54/100 | Payload: N3053-QUFK
Trama 55/100 | Payload: N3054-K7XO
Trama 56/100 | Payload: N3055-7YXL
Trama 57/100 | Payload: N3056-CTUX
Trama 58/100 | Payload: N3057-SHKC
Trama 59/100 | Payload: N3058-NMIX
Trama 60/100 | Payload: N3059-UAMZ
Trama 61/100 | Payload: N3060-FVYO
Trama 62/100 | Payload: N3061-UB3J
Trama 63/100 | Payload: N3062-14Z6
Trama 64/100 | Payload: N3063-C3JS
Trama 65/100 | Payload: N3064-RZXG
Trama 66/100 | Payload: N3065-1UMK
Trama 67/100 | Payload: N3066-450J
Trama 68/100 | Payload: N3067-K0VD
Trama 69/100 | Payload: N3068-A011
Trama 70/100 | Payload: N3069-QF59
Trama 71/100 | Payload: N3070-J6ZX
Trama 72/100 | Payload: N3071-FGTU
Trama 73/100 | Payload: N3072-RSQ7
Trama 74/100 | Payload: N3073-SFVK
Trama 75/100 | Payload: N3074-HLBC
Trama 76/100 | Payload: N3075-PNYC
Trama 77/100 | Payload: N3076-GHVQ
Trama 78/100 | Payload: N3077-0WK3
Trama 79/100 | Payload: N3078-SV21
Trama 80/100 | Payload: N3079-M90T
Trama 81/100 | Payload: N3080-48C9
Trama 82/100 | Payload: N3081-BN0Y
Trama 83/100 | Payload: N3082-8E3O
Trama 84/100 | Payload: N3083-XMS3
Trama 85/100 | Payload: N3084-VO5Q
Trama 86/100 | Payload: N3085-IMMY
Trama 87/100 | Payload: N3086-3X7L
Trama 88/100 | Payload: N3087-MCBQ
Trama 89/100 | Payload: N3088-L8IY
Trama 90/100 | Payload: N3089-FQ7A
Trama 91/100 | Payload: N3090-IDPT
Trama 92/100 | Payload: N3091-RV23
Trama 93/100 | Payload: N3092-VUOT
Trama 94/100 | Payload: N3093-3YA5
Trama 95/100 | Payload: N3094-UX1E
Trama 96/100 | Payload: N3095-4KIU
Trama 97/100 | Payload: N3096-GCQT
Trama 98/100 | Payload: N3097-KDVF
Trama 99/100 | Payload: N3098-LGC6
Trama 100/100 | Payload: N3099-5DI0
